{
  "0.0": {
    "ts": 3.3970893874480796,
    "R2g": 0.983977420464627,
    "R2e": 0.9969574957282445,
    "gm_const": 0.5477289182710697,
    "gm_scatter": 0.1102311288640884,
    "verdict": "PRESERVED"
  },
  "0.3": {
    "ts": 3.533511132326694,
    "R2g": 0.9646234007443317,
    "R2e": 0.9899133849195106,
    "gm_const": 0.6811322529198954,
    "gm_scatter": 0.25180414054012257,
    "verdict": "PRESERVED"
  },
  "0.5": {
    "ts": 3.6254029482359353,
    "R2g": 0.9273656600341644,
    "R2e": 0.9855249634284109,
    "gm_const": 0.7786279106113007,
    "gm_scatter": 0.5967907514485606,
    "verdict": "MARGINAL (cont.-flagged)"
  }
}