{
  "0.0": {
    "ts_ref": 3.403446261365843,
    "eta_ref": 30.0,
    "N_ref": 400,
    "dts_mid": 0.0,
    "dts_inf_1Gm": 0.0,
    "dts_inf_em2": 0.0,
    "dts_lo": 0.0,
    "dts_hi": 0.0,
    "usable_eta": [
      20.0,
      25.0,
      30.0,
      35.0,
      40.0
    ]
  },
  "0.1": {
    "ts_ref": 3.4578190298161546,
    "eta_ref": 30.0,
    "N_ref": 400,
    "dts_mid": 0.0216601573948641,
    "dts_inf_1Gm": -0.015324279714690636,
    "dts_inf_em2": 0.10682177308218233,
    "dts_lo": -0.015324279714690636,
    "dts_hi": 0.10682177308218233,
    "usable_eta": [
      20.0,
      25.0,
      30.0,
      35.0
    ]
  },
  "0.2": {
    "ts_ref": 3.5020377463576895,
    "eta_ref": 30.0,
    "N_ref": 400,
    "dts_mid": 0.05208898945692425,
    "dts_inf_1Gm": 0.014313450094371127,
    "dts_inf_em2": 0.14372157487061887,
    "dts_lo": 0.014313450094371127,
    "dts_hi": 0.14372157487061887,
    "usable_eta": [
      20.0,
      25.0,
      30.0,
      35.0,
      40.0
    ]
  },
  "0.3": {
    "ts_ref": 3.555334351174103,
    "eta_ref": 30.0,
    "N_ref": 400,
    "dts_mid": 0.08707643345156246,
    "dts_inf_1Gm": 0.04043150217802527,
    "dts_inf_em2": 0.1775271373336751,
    "dts_lo": 0.04043150217802527,
    "dts_hi": 0.1775271373336751,
    "usable_eta": [
      20.0,
      25.0,
      30.0,
      35.0,
      40.0
    ]
  },
  "0.5": {
    "ts_ref": 3.668430522108148,
    "eta_ref": 30.0,
    "N_ref": 400,
    "dts_mid": 0.16264687981297218,
    "dts_inf_1Gm": 0.08976132201906362,
    "dts_inf_em2": 0.22989706047585523,
    "dts_lo": 0.08976132201906362,
    "dts_hi": 0.22989706047585523,
    "usable_eta": [
      25.0,
      30.0,
      35.0
    ]
  },
  "_resolved_cells": [
    [
      20.0,
      260
    ],
    [
      25.0,
      340
    ],
    [
      30.0,
      400
    ],
    [
      35.0,
      420
    ]
  ]
}